<?xml version='1.0' encoding='utf-8' standalone='yes' ?>
<map>
    <boolean name="bg_startup_tracing" value="false" />
    <long name="com.facebook.appevents.SessionInfo.sessionStartTime" value="1757084536513" />
    <long name="com.facebook.appevents.SessionInfo.sessionEndTime" value="1757084584179" />
    <long name="com.rzmod.Raj.classes.cloneTimestamp" value="1757084550131" />
    <int name="com.facebook.appevents.SessionInfo.interruptionCount" value="1" />
    <string name="com.facebook.appevents.SessionInfo.sessionId">71369065-de83-4029-a8e6-ea96ee97ff22</string>
    <int name="com.rzmod.Raj.classes.originalInstallVersionCode" value="5040900" />
</map>
