{"Fid":"cR00-kWrS8C8o_0a6ItOHV","Status":3,"AuthToken":"eyJhbGciOiJFUzI1NiIsInR5cCI6IkpXVCJ9.eyJhcHBJZCI6IjE6ODUwMjIwMDM3MDgxOmFuZHJvaWQ6YjgyMDdhYzQwNzViNWUxMTI3NWZjOCIsImV4cCI6MTc1ODU3MTI5NiwiZmlkIjoiY1IwMC1rV3JTOEM4b18wYTZJdE9IViIsInByb2plY3ROdW1iZXIiOjg1MDIyMDAzNzA4MX0.AB2LPV8wRAIgfxV3L4fQltierZ6R2djXwemFgTb_NHVpG2aFj-7VYacCIE2s1eLJBmfp10xwrNoSvVckhJ3LbX0EGSnbyp4oc882","RefreshToken":"3_AS3qfwK3QWXUYSiQYNlKgsaA2ZFBpwrL_rGOOd9Ew4G6-yPcK3uJR5I3TDtfiB0QpxHpX9oNcVR5v7OwmhpcRH1u3KSfUXoFOCWlh2hdIhDVSXU","TokenCreationEpochInSecs":1757966495,"ExpiresInSecs":604800}